-- phpMyAdmin SQL Dump
-- version 5.1.1
-- https://www.phpmyadmin.net/
--
-- Host: 127.0.0.1
-- Waktu pembuatan: 23 Bulan Mei 2022 pada 02.55
-- Versi server: 10.4.19-MariaDB
-- Versi PHP: 8.0.7

SET SQL_MODE = "NO_AUTO_VALUE_ON_ZERO";
START TRANSACTION;
SET time_zone = "+00:00";


/*!40101 SET @OLD_CHARACTER_SET_CLIENT=@@CHARACTER_SET_CLIENT */;
/*!40101 SET @OLD_CHARACTER_SET_RESULTS=@@CHARACTER_SET_RESULTS */;
/*!40101 SET @OLD_COLLATION_CONNECTION=@@COLLATION_CONNECTION */;
/*!40101 SET NAMES utf8mb4 */;

--
-- Database: `tenunsantara`
--

-- --------------------------------------------------------

--
-- Struktur dari tabel `products`
--

CREATE TABLE `products` (
  `id` int(11) NOT NULL,
  `title` varchar(50) NOT NULL,
  `product_slug` varchar(50) NOT NULL,
  `weaving_id` int(11) NOT NULL,
  `weaving_category_id` int(11) NOT NULL,
  `image` varchar(255) NOT NULL,
  `desc` text NOT NULL
) ENGINE=InnoDB DEFAULT CHARSET=utf8mb4;

--
-- Dumping data untuk tabel `products`
--

INSERT INTO `products` (`id`, `title`, `product_slug`, `weaving_id`, `weaving_category_id`, `image`, `desc`) VALUES
(1, 'Baju Model Dress Up Ulos Bintang Maratur', 'baju-model-dress-up-ulos-bintang-maratur-1', 1, 1, 'https://storage.googleapis.com/hijup-production-sg-magazine/2020/03/2-5.png', '<p style=\\\"text-align: justify;\\\"><strong>Ulos</strong>&nbsp;atau sering juga disebut&nbsp;<strong>kain ulos</strong>&nbsp;adalah salah satu busana khas Indonesia. Ulos secara turun temurun dikembangkan oleh masyarakat&nbsp;<a class=\\\"mw-disambig\\\" title=\\\"Batak\\\" href=\\\"https://id.wikipedia.org/wiki/Batak\\\">Batak</a>,&nbsp;<a title=\\\"Sumatra Utara\\\" href=\\\"https://id.wikipedia.org/wiki/Sumatra_Utara\\\">Sumatra Utara</a>. Dari bahasa asalnya, ulos berarti&nbsp;<a class=\\\"mw-disambig\\\" title=\\\"Kain\\\" href=\\\"https://id.wikipedia.org/wiki/Kain\\\">kain</a>. Cara membuat ulos serupa dengan cara membuat&nbsp;<a title=\\\"Songket\\\" href=\\\"https://id.wikipedia.org/wiki/Songket\\\">songket</a>&nbsp;khas&nbsp;<a class=\\\"mw-redirect\\\" title=\\\"Palembang\\\" href=\\\"https://id.wikipedia.org/wiki/Palembang\\\">Palembang</a>, yaitu menggunakan&nbsp;<a title=\\\"Alat tenun bukan mesin\\\" href=\\\"https://id.wikipedia.org/wiki/Alat_tenun_bukan_mesin\\\">alat tenun bukan mesin</a>.</p></br></br><p style=\\\"text-align: justify;\\\">Warna dominan pada ulos adalah&nbsp;<a title=\\\"Merah\\\" href=\\\"https://id.wikipedia.org/wiki/Merah\\\">merah</a>,&nbsp;<a title=\\\"Hitam\\\" href=\\\"https://id.wikipedia.org/wiki/Hitam\\\">hitam</a>, dan&nbsp;<a title=\\\"Putih\\\" href=\\\"https://id.wikipedia.org/wiki/Putih\\\">putih</a>&nbsp;yang dihiasi oleh ragam tenunan dari&nbsp;<a title=\\\"Benang\\\" href=\\\"https://id.wikipedia.org/wiki/Benang\\\">benang</a>&nbsp;emas atau perak. Mulanya ulos dikenakan di dalam bentuk&nbsp;<a title=\\\"Selendang\\\" href=\\\"https://id.wikipedia.org/wiki/Selendang\\\">selendang</a>&nbsp;atau&nbsp;<a title=\\\"Sarung\\\" href=\\\"https://id.wikipedia.org/wiki/Sarung\\\">sarung</a>&nbsp;saja, kerap digunakan pada perhelatan resmi atau upacara adat Batak, tetapi kini banyak dijumpai di dalam bentuk produk suvenir, sarung bantal,&nbsp;<a title=\\\"Ikat pinggang\\\" href=\\\"https://id.wikipedia.org/wiki/Ikat_pinggang\\\">ikat pinggang</a>,&nbsp;<a title=\\\"Tas\\\" href=\\\"https://id.wikipedia.org/wiki/Tas\\\">tas</a>,&nbsp;<a title=\\\"Pakaian\\\" href=\\\"https://id.wikipedia.org/wiki/Pakaian\\\">pakaian</a>, alas meja,&nbsp;<a title=\\\"Dasi\\\" href=\\\"https://id.wikipedia.org/wiki/Dasi\\\">dasi</a>,&nbsp;<a title=\\\"Dompet\\\" href=\\\"https://id.wikipedia.org/wiki/Dompet\\\">dompet</a>, dan&nbsp;<a class=\\\"mw-redirect\\\" title=\\\"Gorden\\\" href=\\\"https://id.wikipedia.org/wiki/Gorden\\\">gorden</a>.</p>'),
(2, 'Baju Model Dress Up Ulos Mangiring', 'baju-model-dress-up-ulos-mangiring-2', 1, 2, 'https://storage.googleapis.com/hijup-production-sg-magazine/2020/03/2-5.png', '<p style=\\\"text-align: justify;\\\"><strong>Ulos</strong>&nbsp;atau sering juga disebut&nbsp;<strong>kain ulos</strong>&nbsp;adalah salah satu busana khas Indonesia. Ulos secara turun temurun dikembangkan oleh masyarakat&nbsp;<a class=\\\"mw-disambig\\\" title=\\\"Batak\\\" href=\\\"https://id.wikipedia.org/wiki/Batak\\\">Batak</a>,&nbsp;<a title=\\\"Sumatra Utara\\\" href=\\\"https://id.wikipedia.org/wiki/Sumatra_Utara\\\">Sumatra Utara</a>. Dari bahasa asalnya, ulos berarti&nbsp;<a class=\\\"mw-disambig\\\" title=\\\"Kain\\\" href=\\\"https://id.wikipedia.org/wiki/Kain\\\">kain</a>. Cara membuat ulos serupa dengan cara membuat&nbsp;<a title=\\\"Songket\\\" href=\\\"https://id.wikipedia.org/wiki/Songket\\\">songket</a>&nbsp;khas&nbsp;<a class=\\\"mw-redirect\\\" title=\\\"Palembang\\\" href=\\\"https://id.wikipedia.org/wiki/Palembang\\\">Palembang</a>, yaitu menggunakan&nbsp;<a title=\\\"Alat tenun bukan mesin\\\" href=\\\"https://id.wikipedia.org/wiki/Alat_tenun_bukan_mesin\\\">alat tenun bukan mesin</a>.</p></br></br><p style=\\\"text-align: justify;\\\">Warna dominan pada ulos adalah&nbsp;<a title=\\\"Merah\\\" href=\\\"https://id.wikipedia.org/wiki/Merah\\\">merah</a>,&nbsp;<a title=\\\"Hitam\\\" href=\\\"https://id.wikipedia.org/wiki/Hitam\\\">hitam</a>, dan&nbsp;<a title=\\\"Putih\\\" href=\\\"https://id.wikipedia.org/wiki/Putih\\\">putih</a>&nbsp;yang dihiasi oleh ragam tenunan dari&nbsp;<a title=\\\"Benang\\\" href=\\\"https://id.wikipedia.org/wiki/Benang\\\">benang</a>&nbsp;emas atau perak. Mulanya ulos dikenakan di dalam bentuk&nbsp;<a title=\\\"Selendang\\\" href=\\\"https://id.wikipedia.org/wiki/Selendang\\\">selendang</a>&nbsp;atau&nbsp;<a title=\\\"Sarung\\\" href=\\\"https://id.wikipedia.org/wiki/Sarung\\\">sarung</a>&nbsp;saja, kerap digunakan pada perhelatan resmi atau upacara adat Batak, tetapi kini banyak dijumpai di dalam bentuk produk suvenir, sarung bantal,&nbsp;<a title=\\\"Ikat pinggang\\\" href=\\\"https://id.wikipedia.org/wiki/Ikat_pinggang\\\">ikat pinggang</a>,&nbsp;<a title=\\\"Tas\\\" href=\\\"https://id.wikipedia.org/wiki/Tas\\\">tas</a>,&nbsp;<a title=\\\"Pakaian\\\" href=\\\"https://id.wikipedia.org/wiki/Pakaian\\\">pakaian</a>, alas meja,&nbsp;<a title=\\\"Dasi\\\" href=\\\"https://id.wikipedia.org/wiki/Dasi\\\">dasi</a>,&nbsp;<a title=\\\"Dompet\\\" href=\\\"https://id.wikipedia.org/wiki/Dompet\\\">dompet</a>, dan&nbsp;<a class=\\\"mw-redirect\\\" title=\\\"Gorden\\\" href=\\\"https://id.wikipedia.org/wiki/Gorden\\\">gorden</a>.</p>');

-- --------------------------------------------------------

--
-- Struktur dari tabel `weaving`
--

CREATE TABLE `weaving` (
  `id` int(11) NOT NULL,
  `weaving_name` varchar(50) NOT NULL,
  `weaving_slug` varchar(50) NOT NULL,
  `weaving_etnik` varchar(10) NOT NULL,
  `weaving_desc` text NOT NULL
) ENGINE=InnoDB DEFAULT CHARSET=utf8mb4;

--
-- Dumping data untuk tabel `weaving`
--

INSERT INTO `weaving` (`id`, `weaving_name`, `weaving_slug`, `weaving_etnik`, `weaving_desc`) VALUES
(1, 'Ulos', 'ulos', 'Batak', '<p style=\\\"text-align: justify;\\\"><strong>Ulos</strong>&nbsp;atau sering juga disebut&nbsp;<strong>kain ulos</strong>&nbsp;adalah salah satu busana khas Indonesia. Ulos secara turun temurun dikembangkan oleh masyarakat&nbsp;<a class=\\\"mw-disambig\\\" title=\\\"Batak\\\" href=\\\"https://id.wikipedia.org/wiki/Batak\\\">Batak</a>,&nbsp;<a title=\\\"Sumatra Utara\\\" href=\\\"https://id.wikipedia.org/wiki/Sumatra_Utara\\\">Sumatra Utara</a>. Dari bahasa asalnya, ulos berarti&nbsp;<a class=\\\"mw-disambig\\\" title=\\\"Kain\\\" href=\\\"https://id.wikipedia.org/wiki/Kain\\\">kain</a>. Cara membuat ulos serupa dengan cara membuat&nbsp;<a title=\\\"Songket\\\" href=\\\"https://id.wikipedia.org/wiki/Songket\\\">songket</a>&nbsp;khas&nbsp;<a class=\\\"mw-redirect\\\" title=\\\"Palembang\\\" href=\\\"https://id.wikipedia.org/wiki/Palembang\\\">Palembang</a>, yaitu menggunakan&nbsp;<a title=\\\"Alat tenun bukan mesin\\\" href=\\\"https://id.wikipedia.org/wiki/Alat_tenun_bukan_mesin\\\">alat tenun bukan mesin</a>.</p></br></br><p style=\\\"text-align: justify;\\\">Warna dominan pada ulos adalah&nbsp;<a title=\\\"Merah\\\" href=\\\"https://id.wikipedia.org/wiki/Merah\\\">merah</a>,&nbsp;<a title=\\\"Hitam\\\" href=\\\"https://id.wikipedia.org/wiki/Hitam\\\">hitam</a>, dan&nbsp;<a title=\\\"Putih\\\" href=\\\"https://id.wikipedia.org/wiki/Putih\\\">putih</a>&nbsp;yang dihiasi oleh ragam tenunan dari&nbsp;<a title=\\\"Benang\\\" href=\\\"https://id.wikipedia.org/wiki/Benang\\\">benang</a>&nbsp;emas atau perak. Mulanya ulos dikenakan di dalam bentuk&nbsp;<a title=\\\"Selendang\\\" href=\\\"https://id.wikipedia.org/wiki/Selendang\\\">selendang</a>&nbsp;atau&nbsp;<a title=\\\"Sarung\\\" href=\\\"https://id.wikipedia.org/wiki/Sarung\\\">sarung</a>&nbsp;saja, kerap digunakan pada perhelatan resmi atau upacara adat Batak, tetapi kini banyak dijumpai di dalam bentuk produk suvenir, sarung bantal,&nbsp;<a title=\\\"Ikat pinggang\\\" href=\\\"https://id.wikipedia.org/wiki/Ikat_pinggang\\\">ikat pinggang</a>,&nbsp;<a title=\\\"Tas\\\" href=\\\"https://id.wikipedia.org/wiki/Tas\\\">tas</a>,&nbsp;<a title=\\\"Pakaian\\\" href=\\\"https://id.wikipedia.org/wiki/Pakaian\\\">pakaian</a>, alas meja,&nbsp;<a title=\\\"Dasi\\\" href=\\\"https://id.wikipedia.org/wiki/Dasi\\\">dasi</a>,&nbsp;<a title=\\\"Dompet\\\" href=\\\"https://id.wikipedia.org/wiki/Dompet\\\">dompet</a>, dan&nbsp;<a class=\\\"mw-redirect\\\" title=\\\"Gorden\\\" href=\\\"https://id.wikipedia.org/wiki/Gorden\\\">gorden</a>.</p>'),
(2, 'Gringsing', 'gringsing', 'Bali Aga', '<p style=\"text-align: justify;\"><strong>Kain gringsing</strong>&nbsp;adalah satu-satunya kain tenun tradisional Indonesia yang dibuat menggunakan teknik teknik dobel ikat dan memerlukan waktu 2-5 tahun. Kain ini berasal dari&nbsp;<a class=\"mw-redirect\" title=\"Tenganan\" href=\"https://id.wikipedia.org/wiki/Tenganan\">Desa Tenganan</a>,&nbsp;<a title=\"Bali\" href=\"https://id.wikipedia.org/wiki/Bali\">Bali</a>. Umumnya, masyarakat Tenganan memiliki kain gringsing berusia ratusan tahun yang digunakan dalam upacara khusus. Kata gringsing berasal dari&nbsp;<em>gring</em>&nbsp;yang berarti \'sakit\' dan&nbsp;<em>sing</em>&nbsp;yang berarti \'tidak\', sehingga bila digabungkan menjadi \'tidak sakit\'. Maksud yang terkandung di dalam kata tersebut adalah seperti penolak bala. Di Bali, berbagai upacara, seperti upacara&nbsp;<a title=\"Potong gigi\" href=\"https://id.wikipedia.org/wiki/Potong_gigi\">potong gigi</a>, pernikahan, dan upacara keagamaan lain, dilakukan dengan bersandar pada kekuatan kain gringsing.</p>\r\n<p style=\"text-align: justify;\">Tenun gringsing ini menggambarkan tentang sistem keseimbangan yaitu tentang hubungan manusia dengan manusia, manusia dengan alam, dan manusia dengan Tuhan. Dewa indra yang selalu dipuja oleh masyarakat Tenganan Pagringsingan Karangasem Bali di hormati dengan sebuah ritus perang pandan, rasa sakit seolah sirna oleh gringsing yang selalu membalut tubuh. Gringsing dipercaya dapat terhindar dari penyakit.Lebih kompleks lagi gringsing adalah penolak mara bahaya.</p>'),
(3, 'Toraja', 'toraja', 'Toraja', '<p style=\"text-align: justify;\"><a href=\"https://id.wikipedia.org/wiki/Suku_Toraja\"><strong>Kain Khas Toraja</strong></a></p>\r\n<p style=\"text-align: justify;\">Warna alam dan motif yang khas, membuat kain khas Toraja sebagai salah satu tenun yang banyak dicari. Salah satu yang membuat kain ini menarik adalah keahlian membuat kain tenun ini diwariskan atau diturunkan dari generasi ke generasi. Hingga kini, kain khas Toraja merupakan salah satu kerajinan tangan yang keberadaannya terus dilestarikan dan dikembangkan. Setiap motif akan menggambarkan makna tersendiri yang dipakai sesuai dengan fungsi dan tujuan, baik itu upacara pernikahan atau upacara kematian.</p>'),
(4, 'Lurik', 'lurik', 'Jawa', '<p style=\"text-align: justify;\"><strong><a href=\"https://id.wikipedia.org/wiki/Lurik\">Lurik</a></strong> adalah kain dengan motif bergaris-garis kecil yang secara tradisional menjadi pakaian khas warga pria pedesaan di kalangan suku bangsa Jawa. Lurik yang berbahan dasar katun kasar memiliki harga yang relatif murah dan terjangkau untuk masyarakat kurang mampu. Lurik adalah bahan dasar untuk pembuatan surjan.</p>\r\n<p style=\"text-align: justify;\">Dalam perkembangan modern, lurik sekarang mendapat sentuhan warna-warna baru, sehingga dapat pula dipakai sebagai bahan kemeja atau sebagai komponen estetika pada rompi atau jas.</p>\r\n<p style=\"text-align: justify;\">Menurut <a href=\"https://id.wikipedia.org/wiki/Ensiklopedi_Nasional_Indonesia\">Ensiklopedi Nasional Indonesia</a> (1997), lurik diperkirakan berasal dari daerah pedesaan di Jawa. Lurik pada masa itu dibuat dalam bentuk sehelai selendang. Fungsi sebagai penutup dada perempuan (<a href=\"https://id.wikipedia.org/wiki/Kemban_(pakaian_tradisional)\">kemben</a>) dan alat untuk menggendong sesuatu dengan cara mengikatkannya pada tubuh. Penggunaan lurik kemudian berkembang. Tidak hanya menjadi milik rakyat, tetapi juga dipakai di lingkungan <a href=\"https://id.wikipedia.org/wiki/Keraton\">keraton</a>.</p>\r\n<p style=\"text-align: justify;\">Penampakan kain lurik terdapat di Candi Borobudur. Dalam salah satu relief, digambarkan sesorang sedang menenun dengan alat tenun gendong. Prasasti Raja Erlangga dari Jawa Timur pada tahun 1033 menyebut kain Tuluh Watu sebagai salah satu nama kain lurik.</p>\r\n<p style=\"text-align: justify;\">Diduga, karya tenun lurik sudah populer di kalangan masyarakat zaman Kerajaan <a href=\"https://id.wikipedia.org/wiki/Majapahit\">Majapahit</a>. Hal ini dapat dilihat dari cerita <a href=\"https://id.wikipedia.org/wiki/Wayang_beber\">Wayang Beber</a> yang menggambarkan seorang kesatria melamar seorang putri raja dengan alat tenun gendong sebagai mas kawinnya.</p>'),
(5, 'Sumba', 'ikat-sumba', 'Sumba', '<p style=\"text-align: justify;\"><a href=\"https://id.wikipedia.org/wiki/Tenun_Ikat_Sumba\"><strong>Kain Tenun Sumba</strong></a> baik itu sumba timur maupun bumba barat lahir dari kekayaan alam Sumba.</p>\r\n<p style=\"text-align: justify;\">Pewarnaan kain Sumba yang menggunakan bahan alami seperti akar mengkudu, serat kayu hingga lumpur serta pemilihan motif yang unik merepresentasikan budaya Sumba yang spesial.</p>\r\n<p style=\"text-align: justify;\">Adapun latar belakang salah satu corak tenun ikat dan songket/Pahikung SUMBA timur adalah keinginan untuk memilihara hubungan baik antara manusia dengan arwah leluhur.</p>\r\n<p style=\"text-align: justify;\">Salah satu adat pada suku pra sejarah yang mempercayai bahwa orang yang sudah meninggal atau mati tetap berpengaruh pada anggota keluarga yang ditinggalkan.</p>\r\n<p style=\"text-align: justify;\">Jenis dan corak kain itu sudah lama terkenal karena unik berdasarkan bahan yang digunakan, motif dan proses pembuatan yang memerlukan waktu relatif lama, yakni 4 sampai 6 bulan untuk sehelai kain tenun berukuran lebar. Pulau Sumba sendiri sangat indah dan terkenal di dunia sebagai salah satu pulau terindah. Tetapi tentang keindahan pulau itu merupakan penilain tahun 2000-an, sedangkan daya pikat tenun ikat tradisional terkenal sejak berabad-abad yang lalu, dan terus dijaga oleh para wanita Sumba. Mereka menangani seluruh proses tenun ikat mulai dari memilih motif, mempersiapkan bahan-bahan (benang, pewarna), proses penenunan sampai menghasilkan selembar kain.</p>\r\n<p style=\"text-align: justify;\">Satu lembar kain lebar memerlukan 42 langkah. Persiapan dan proses pembuatan yang sekian lama membuat harga kain tenun menjadi relatif mahal. Mahalnya harga kain tenun ikat Sumba dipengaruhi juga oleh jumlah orang yang bekerja, yaitu satu helai tenun ikat Sumba biasa dikerjakan oleh 3 sampai 10 orang. Ada orang yang mencari bahan, memintal benang, mewarnai benang, menenun, dan juga membuat motif. Sehingga 42 proses penyelesaian satu helai kain tenun bukanlah angka mengada-ada. Pekerjaan dimulai dari proses lamihi, yaitu proses memisahkan biji dari kapas hingga proses wari rumata atau proses penyelesaian.</p>');

-- --------------------------------------------------------

--
-- Struktur dari tabel `weaving_category`
--

CREATE TABLE `weaving_category` (
  `id` int(11) NOT NULL,
  `name` varchar(50) NOT NULL,
  `weaving_category_slug` varchar(50) NOT NULL,
  `weaving_id` int(11) NOT NULL,
  `desc` text NOT NULL
) ENGINE=InnoDB DEFAULT CHARSET=utf8mb4;

--
-- Dumping data untuk tabel `weaving_category`
--

INSERT INTO `weaving_category` (`id`, `name`, `weaving_category_slug`, `weaving_id`, `desc`) VALUES
(1, 'Bintang Maratur', 'bintang-maratur', 1, '<p style=\"text-align: justify;\"><a href=\"https://id.wikipedia.org/wiki/Ulos\"><strong>Ulos Bintang Maratur</strong></a>&nbsp;merupakan Ulos yang paling banyak kegunaannya di dalam acara-acara adat Batak Toba, beberapa di antaranya yakni:</p>\r\n<ul>\r\n<li style=\"text-align: justify;\">Kepada anak yang memasuki rumah baru. Memiliki rumah baru (milik Sendiri) adalah merupakan suatu kebanggaan terbesar bagi masyarakat Batak Toba. Keberhasilan membangun atau memiliki rumah baru dianggap sebagai salah satu bentuk keberhasilan atau prestasi tersendiri yang tak ternilai harganya. Tingginya penghargaan kepada orang yang telah berhasil membangun dan memiliki rumah baru adalah karena keberhasilan tersebut dianggap merupakan suatu berkat dari Tuhan yang maha Esa yang disertai dengan adanya usaha dan kerja keras yang bersangkutan di dalam menjalani kehidupan. Keberhasilan membangun atau memiliki rumah baru adalah merupakan situasi yang sangat menggembirakan, oleh karena itu ulos ini akan diberikan kepada orang yang sedang berada dalam suasana bergembira. Orang batak yang tinggal dan menetap di berbagai puak/horja di sekitar Tapanuli telah memiliki adat dan kebiasaan yang berbeda pula. Walaupun konsep dan pemahaman tentang adat itu secara umum adalah sama, tetapi pada hal-hal tertentu adakalanya memiliki perbedaan dalam hal pemaknaan terhadap nilai dan konsep adat yang ada sejak turun-temurun. Oleh karena itu pemberian Ulos Bintang Maratur khusus di daerah Silindung diberikan kepada orang yang sedang bergembira dalam hal ini sewaktu menempati atau meresmikan rumah baru.</li>\r\n<li style=\"text-align: justify;\">Secara khusus di daerah Toba Ulos ini diberikan waktu acara selamatan Hamil 7 Bulan yang diberikan oleh pihak hulahula kepada anaknya. Ulos ini juga diberikan kepada Pahompu (cucu) yang baru lahir sebagai Parompa (gendongan) yang memiliki arti dan makna agar anak yang baru lahir itu diiringi kelahiran anak yang selanjutnya, kemudian ulos ini juga diberikan untuk pahompu (cucu) yang baru mendapat baptisan di gereja dan juga bisa dipakai sebagai selendang.</li>\r\n</ul>'),
(2, 'Mangiring', 'mangiring', 1, '<p style=\"text-align: justify;\"><a href=\"https://id.wikipedia.org/wiki/Ulos\"><strong>Ulos Mangiring</strong></a> dipakai sebagai selendang, Talitali, juga Ulos ini diberikan kepada anak cucu yang baru lahir terutama anak pertama yang memiliki maksud dan tujuan sekaligus sebagai Simbol besarnya keinginan agar si anak yang lahir baru kelak diiringi kelahiran anak yang seterusnya, Ulos ini juga dapat dipergunakan sebagai Parompa (alat gendong) untuk anak.</p>'),
(3, 'Antakantak', 'antakantak', 1, '<p style=\"text-align: justify;\"><a href=\"https://id.wikipedia.org/wiki/Ulos\"><strong>Ulos Antakantak</strong></a> dipakai sebagai selendang orang tua untuk melayat orang yang meninggal, selain itu ulos tersebut juga dipakai sebagai kain yang dililit pada waktu acara manortor (menari).</p>'),
(4, 'Bolean', 'bolean', 1, '<p style=\"text-align: justify;\"><a href=\"https://id.wikipedia.org/wiki/Ulos\"><strong>Ulos Bolean</strong></a>&nbsp;biasanya dipakai sebagai selendang pada acara-acara kedukaan.</p>'),
(5, 'Padang Ursa', 'padang-ursa', 1, '<p style=\"text-align: justify;\"><a href=\"https://id.wikipedia.org/wiki/Ulos\"><strong>Ulos Padang Ursa</strong></a> dipakai sebagai Talitali dan Selendang.</p>'),
(6, 'Pinan Lobu-lobu', 'pinan-lobu-lobu', 1, '<p style=\"text-align: justify;\"><a href=\"https://id.wikipedia.org/wiki/Ulos\"><strong>Ulos Pinan Lobu-lobu</strong></a> dipakai sebagai Talitali dan Selendang.</p>'),
(7, 'Pinuncaan', 'pinuncaan', 1, '<p style=\"text-align: justify;\"><a href=\"https://id.wikipedia.org/wiki/Ulos\"><strong>Ulos Pinuncaan</strong></a>&nbsp;ini terdiri dari lima bagian yang ditenun secara terpisah yang kemudian disatukan dengan rapi hingga menjadi bentuk satu Ulos. Kegunaannya antara lain:</p>\n<ul>\n<li style=\"text-align: justify;\">Dipakai dalam berbagai keperluan acara-acara dukacita maupun sukacita, dalam acara adat ulos ini dipakai/disandang oleh Raja-raja Adat.</li>\n<li style=\"text-align: justify;\">Dipakai oleh Rakyat Biasa selama memenuhi beberapa pedoman misalnya, pada pesta perkawinan atau upacara adat dipakai oleh suhut sihabolonon/ Hasuhuton (tuan rumah).</li>\n<li style=\"text-align: justify;\">Kemudian pada waktu pesta besar dalam acara marpaniaran (kelompok istri dari golongan&nbsp;<em>hulahula</em>), ulos ini juga dipakai/dililit sebagai kain/<em>hohophohop</em>&nbsp;oleh keluarga&nbsp;<em>hasuhuton</em>&nbsp;(tuan rumah).</li>\n<li style=\"text-align: justify;\">Ulos ini juga berfungsi sebagai Ulos Passamot pada acara Perkawinan. Ulos Passamot diberikan oleh Orang tua pengantin perempuan (Hulahula) kepada kedua orang tua pengantin dari pihak laki-laki (pangoli). Sebagai pertanda bahwa mereka telah sah menjadi saudara dekat.</li>\n</ul>'),
(8, 'Ragi Hotang', 'ragi-hotang', 1, '<p style=\"text-align: justify;\"><a href=\"https://id.wikipedia.org/wiki/Ulos\"><strong>Ulos Ragi Hotang</strong></a> Ulos ini diberikan kepada sepasang pengantin yang sedang melaksanakan pesta adat yang disebut dengan nama Ulos Hela. Pemberian ulos Hela memiliki makna bahwa orang tua pengantin perempuan telah menyetujui putrinya dipersunting atau diperistri oleh laki-laki yang telah disebut sebagai &ldquo;Hela&rdquo; (menantu). Pemberian ulos ini selalu disertai dengan memberikan mandar Hela (Sarung Menantu) yang menunjukkan bahwa laki-laki tersebut tidak boleh lagi berperilaku layaknya seorang laki-laki lajang tetapi harus berperilaku sebagai orang tua. Dan sarung tersebut dipakai dan dibawa untuk kegiatan-kegiatan adat.</p>'),
(9, 'Ragi Huting', 'ragi-huting', 1, '<p style=\"text-align: justify;\"><a href=\"https://id.wikipedia.org/wiki/Ulos\"><strong>Ulos Ragi Huting</strong></a>, Ulos ini sekarang sudah Jarang dipakai, konon pada zaman dulu sebelum Indonesia merdeka, anak perempuan (gadis-gadis) memakai Ulos Ragi Huting ini sebagai pakaian sehari-hari yang dililitkan di dada (Hobahoba) yang menunjukkan bahwa yang bersangkutan adalah seorang putri (gadis perawan) batak Toba yang beradat.</p>'),
(10, 'Sibolang Rasta Pamontari', 'sibolang-rasta-pamontari', 1, '<p style=\"text-align: justify;\"><a href=\"https://id.wikipedia.org/wiki/Ulos\"><strong>Ulos Sibolang Rasta Pamontari</strong></a> dipakai untuk keperluan duka dan sukacita, tetapi pada zaman sekarang, Ulos Sibolang bisa dikatakan sebagai simbol dukacita, yang di pakai sebagai Ulos Saput (orang dewasa yang meninggal tetapi belum punya cucu), dan dipakai juga sebagai Ulos Tujung untuk Janda dan Duda dengan kata lain kepada laki-laki yang ditinggal mati oleh istri dan kepada perempuan yang ditinggal mati oleh suaminya. Apabila pada peristiwa dukacita ulos ini dipergunakan maka hal itu menunjukkan bahwa yang bersangkutan adalah sebagai keluarga dekat dari orang yang meninggal.</p>'),
(11, 'Si Bunga Umbasang', 'si-bunga-umbasang', 1, '<p style=\"text-align: justify;\"><a href=\"https://id.wikipedia.org/wiki/Ulos\"><strong>Ulos Si Bunga Umbasang dan Ulos Simpar</strong></a>, Secara umum ulos ini hanya berfungsi dan dipakai sebagai Selendang bagi para ibu-ibu sewaktu mengikuti pelaksanaan segala jenis acara adat-istiadat yang kehadirannya sebatas undangan biasa yang di sebut sebagai Panoropi (yang meramaikan) .</p>'),
(12, 'Simpar', 'simpar', 1, '<p style=\"text-align: justify;\"><a href=\"https://id.wikipedia.org/wiki/Ulos\"><strong>Ulos Si Bunga Umbasang dan Ulos Simpar</strong></a>, Secara umum ulos ini hanya berfungsi dan dipakai sebagai Selendang bagi para ibu-ibu sewaktu mengikuti pelaksanaan segala jenis acara adat-istiadat yang kehadirannya sebatas undangan biasa yang di sebut sebagai Panoropi (yang meramaikan) .</p>'),
(13, 'Sitolu Tuho', 'sitolu-tuho', 1, '<p style=\"text-align: justify;\"><a href=\"https://id.wikipedia.org/wiki/Ulos\"><strong>Ulos Sitolu Tuho</strong></a>&nbsp;difungsikan atau dipakai sebagai ikat kepala atau selendang.</p>'),
(14, 'Suri-suri Ganjang', 'suri-suri-ganjang', 1, '<p style=\"text-align: justify;\"><a href=\"https://id.wikipedia.org/wiki/Ulos\"><strong>Ulos Suri-suri Ganjang</strong></a>,&nbsp;dipakai sebagai Hande-hande (selendang) pada waktu margondang (menari dengan alunanan musik Batak) dan juga dipergunakan oleh pihak Hulahula (orang tua dari pihak istri) untuk manggabei (memberikan berkat) kepada pihak borunya (keturunannya) karena itu disebut juga Ulos gabegabe (berkat).</p>'),
(15, 'Simarinjam sisi', 'simarinjam-sisi', 1, '<p style=\"text-align: justify;\"><a href=\"https://id.wikipedia.org/wiki/Ulos\"><strong>Ulos Simarinjam sisi</strong></a> dipakai dan difungsikan sebagai kain, dan juga dilengkapi dengan Ulos Pinunca yang disandang dengan perlengkapan adat Batak sebagai Panjoloani (mendahului di depan). Yang memakai ulos ini adalah satu orang yang berada paling depan.</p>'),
(16, 'Ragi Pakko', 'ragi-pakko', 1, '<p style=\"text-align: justify;\">Pada zaman dahulu dipakai sebagai selimut bagi keluarga yang berasal dari golongan keluarga kaya, dan itu jugalah apabila nanti setelah tua dan meninggal akan disaput (diselimutkan, dibentangkan kepada jasad) dengan ulos yang pakai Ragi di tambah Ulos lainnya yang disebut Ragi Pakko karena memang warnanya hitam seperti Pakko.</p>'),
(17, 'Ulos Harangan', 'ulos-harangan', 1, '<p style=\"text-align: justify;\">Pada zaman dahulu dipakai sebagai selimut bagi keluarga yang berasal dari golongan keluarga kaya, dan itu jugalah apabila nanti setelah tua dan meninggal akan disaput (diselimutkan, dibentangkan kepada jasad) dengan ulos yang pakai Ragi di tambah Ulos lainnya yang disebut Ragi Pakko karena memang warnanya hitam seperti Pakko.</p>'),
(18, 'Tumtuman', 'tumtuman', 1, '<p style=\"text-align: justify;\"><strong><a href=\"https://id.wikipedia.org/wiki/Ulos\">Ulos Tumtuman</a></strong> dipakai sebagai talitali yang bermotif dan dipakai oleh anak yang menunjukkan bahwa yang bersangkutan adalah anak pertama dari hasuhutan (tuan rumah).</p>'),
(19, 'Tutur-Tutur', 'tutur-Tutur', 1, '<p style=\"text-align: justify;\"><a href=\"https://id.wikipedia.org/wiki/Ulos\"><strong>Ulos Tutur-Tutur</strong></a>&nbsp;dipakai sebagai talitali (ikat kepala) dan sebagai Handehande (selendang) yang diberikan oleh orang tua kepada anak-anaknya (keturunannya).</p>'),
(20, 'Lubeng', 'lubeng', 2, '<p style=\"text-align: justify;\"><a href=\"https://id.wikipedia.org/wiki/Kain_gringsing\"><strong>Motif Lubeng</strong></a> elembar kain tenun yang mempunyai motif menyerupai bintang di langit, berwarna merah, hitam, dan putih, serta didampingi dengan motif kalajengking yang menyimbulkan empat arah mata angin yang dijaga oleh kalajengking. Motif ini adalah motif yang menjadi dasar lambang atau simbol desa Tenganan Pagringsingan. Motif ini mempunyai makna yaitu bahwa di Desa Tenganan Pagringsingan ini ada empat pintu masuk dari segala arah. Kepercayaan orang Desa Tenganan Pagringsingan sendiri tentang motif ini adalah jika sesuatu yang buruk datang dari arah Timur maka akan hilang ke arah Barat dan sebaliknya.</p>'),
(21, 'Cecempaka', 'cecempaka', 2, '<p style=\"text-align: justify;\"><strong>Motif Cecempaka</strong> dicirikan dengan bentuk bunga cempaka dan berfungsi sebagai pakaian adat dan upacara keagamaan. Jenis-jenis Gringsing Cecempakaan adalah Cecempakaan Petang Dasa (ukuran empat puluh), Cecempakaan Putri, dan Geringsing Cecempakaan Pat Likur (ukuran 24 benang).</p>'),
(22, 'Wayang Putri', 'wayang-putri', 2, '<p style=\"text-align: justify;\">Kain <a href=\"https://id.wikipedia.org/wiki/Kain_gringsing\">Gringsing Wayang </a> terdiri dari kain <strong>Gringsing Wayang Kebo</strong> dan Kain <strong>Gringsing Wayang Putri</strong>. Motif ini paling sulit dikerjakan dan memerlukan waktu pembuatan hingga lima tahun. Motif wayang hanya terdiri dari dua warna, yaitu hitam dan putih. Untuk menciptakan garis putih yang membentuk wayang di perlukan ketelitian tinggi karena tingkat kesulitan selama proses pengikatan dan penenunan kain relatif sulit. Wayang Kebo memiliki motif wayang laki&ndash;laki dan Wayang Putri memiliki motif Wayang Putri.</p>'),
(23, 'Wayang Kebo', 'wayang-kebo', 2, '<p style=\"text-align: justify;\">Kain <a href=\"https://epaper.mediaindonesia.com/detail/kain-gringsing-tenganan-warisan-budaya-kuno-terus-terjaga\">Gringsing Wayang </a> terdiri dari kain <strong>Gringsing Wayang Kebo</strong> dan Kain <strong>Gringsing Wayang Putri</strong>. Motif ini paling sulit dikerjakan dan memerlukan waktu pembuatan hingga lima tahun. Motif wayang hanya terdiri dari dua warna, yaitu hitam dan putih. Untuk menciptakan garis putih yang membentuk wayang di perlukan ketelitian tinggi karena tingkat kesulitan selama proses pengikatan dan penenunan kain relatif sulit. Wayang Kebo memiliki motif wayang laki&ndash;laki dan Wayang Putri memiliki motif Wayang Putri.</p>'),
(24, 'Cemplong', 'cemplong', 2, '<p style=\"text-align: justify;\"><a href=\"https://id.wikipedia.org/wiki/Kain_gringsing\"><strong>Cemplong</strong></a>, dicirikan dengan bunga besar di antara bunga-bunga kecil sehingga terlihat ada kekosongan antara bunga yang menjadi cemplong. Gringsing cemplong juga berfungsi sebagai busana adat dan upacara agama. Jenis-jenisnya terdiri dari ukuran Pat Likur (24 benang), senteng/anteng (busana di pinggang wanita), dan ukuran Petang Dasa (40 benang) yang sudah hampir punah.</p>\r\n<p style=\"text-align: justify;\">Dikutip dari</p>\r\n<p style=\"text-align: justify;\"><em>Ni Ketut Sri Astati Sukawati. TENUN GRINGSING TEKNIK PRODUKSI, MOTIF DAN MAKNA SIMBOLIK. Fakultas Teknik, Universitas Mahasaraswati: Denpasar</em></p>'),
(25, 'Patlikur isi', 'patlikur-isi', 2, '<p style=\"text-align: justify;\"><strong>Motif Gringsing Patlikur Isi</strong> ini merupakan perkembangan dari bentuk tanda(+) ples yang di Bali disebut dengan tapak dara. Gambar ples ini di Bali biasanya digunakan untuk menolak marabahaya. Bentuk bulat di tengah diartikan sebagai sumbu perputaran alam semesta. Motif ini mempunyai bentuk seperti pura (tempat ibadah) umat Hindhu. Motif yang digambarkan dalam kain Gringsing ini melambangkan bagaimana masyarakat Tenganan Pagringsingan melakukan ritual Keagamaan. Motif ini mempunyai bentuk seperti rumah tawon yang bermakna keberaturan suatu bentuk masyarakat.</p>\r\n<p style=\"text-align: justify;\">Dikutip dari</p>\r\n<p style=\"text-align: justify;\"><em>Ni Ketut Sri Astati Sukawati. TENUN GRINGSING TEKNIK PRODUKSI, MOTIF DAN MAKNA SIMBOLIK. Fakultas Teknik, Universitas Mahasaraswati: Denpasar</em></p>'),
(26, 'Tali Dandan', 'tali-dandan', 2, '<p style=\"text-align: justify;\"><strong>Motif Tali Dandan</strong> merupakan perkembangan dari bentuk tanda(+) plus yang di Bali disebut dengan tapak dara. Gambar ples ini di Bali biasanya digunakan untuk menolak marabahaya. Bentuk bulat di tengah diartikan sebagai sumbu perputaran alam semesta. Motif ini mempunyai bentuk seperti pura (tempat ibadah) umat Hindhu. Motif yang digambarkan dalam kain Gringsing ini melambangkan bagaimana masyarakat Tenganan Pagringsingan melakukan ritual<br />Keagamaan. Motif ini mempunyai bentuk seperti rumah tawon yang bermakna keberaturan suatu bentuk masyarakat.</p>\r\n<p style=\"text-align: justify;\">Dikutip dari</p>\r\n<p style=\"text-align: justify;\"><em>Ni Ketut Sri Astati Sukawati. TENUN GRINGSING TEKNIK PRODUKSI, MOTIF DAN MAKNA SIMBOLIK. Fakultas Teknik, Universitas Mahasaraswati: Denpasar</em></p>'),
(27, 'Batung Tuung', 'batung-tuung', 2, '<p style=\"text-align: justify;\"><strong>Tenun Gringsing Batung</strong> mempunyai bentuk seperti mahkota bunga. Yang dalam masyarakat Tenganan Pagringsingan, bunga adalah salah satu sarana prasarana untuk upacara adat dan upacara keagamaan. Terdapat pula motif seperti bentuk jejak kaki ayam. Dimana di Desa Tenganan Pagringsingan ayam digunakan sebagai sarana prasarana untuk sesaji dalam upacara adat dan upacara keagamaan. Adapun bentuk lain motif kain ini ialah perkembangan dari tanda ples (+) yang mempunyai makna sebagai lambang jalanya matahari.</p>\r\n<p style=\"text-align: justify;\">Dikutip dari</p>\r\n<p style=\"text-align: justify;\"><em>Ni Ketut Sri Astati Sukawati. TENUN GRINGSING TEKNIK PRODUKSI, MOTIF DAN MAKNA SIMBOLIK. Fakultas Teknik, Universitas Mahasaraswati: Denpasar</em></p>'),
(28, 'Enjekan Siap', 'enjekan-siap', 2, '<p style=\"text-align: justify;\"><strong>Tenun Grinsing Ejekan Siap</strong> mempunyai 3 bentuk diantaranya :</p>\r\n<ul>\r\n<li style=\"text-align: justify;\">Motif ini mempunyai bentuk seperti lambang kesehatan atau lambang rumah sakit (pada bentuk motif bagian kanan dan kiri). Yang artinya terhindar dari wabah atau sakit.</li>\r\n<li style=\"text-align: justify;\">Seperti yang sudah di bahas di atas bahwa motif ini mempunyai bentuk seperti tanda (+) ples yang di Bali disebut dengan tapak dara. Gambar ples ini di Bali biasanya digunakan untuk menolak marabahaya.</li>\r\n<li style=\"text-align: justify;\">Bentuk motif seperti bentuk jejak kaki ayam. Dimana di Desa Tenganan Pagringsingan ayam digunakan sebagai sarana prasarana untuk sesaji dalam upacara adat dan upacara keagamaan.</li>\r\n<li style=\"text-align: justify;\">Pagringsingan ayam digunakan sebagai sarana prasarana untuk sesaji dalam upacara adat dan upacara keagamaan.</li>\r\n</ul>\r\n<p>Dikutip dari</p>\r\n<p><em>Ni Ketut Sri Astati Sukawati. TENUN GRINGSING TEKNIK PRODUKSI, MOTIF DAN MAKNA SIMBOLIK. Fakultas Teknik, Universitas Mahasaraswati: Denpasar</em></p>'),
(29, 'Dingding Sigading', 'dingding-sigading', 2, '<p style=\"text-align: justify;\"><strong>Dingding Sigading</strong> mempunyai 2 bentuk motif diantaranya :</p>\r\n<ul>\r\n<li style=\"text-align: justify;\">Motif yang mempunyai bentuk seperti rumah tawon yang menggambarkan Keberaturan masyarakat Tenganan Pagringsingan.</li>\r\n<li style=\"text-align: justify;\">Seperti yang sudah di bahas di atas bahwa motif ini mempunyai bentuk seperti tanda (+) ples yang di Bali disebut dengan tapak dara. Gambar ples ini di Bali biasanya digunakan untuk menolak marabahaya.</li>\r\n</ul>\r\n<p>Dikutip dari</p>\r\n<p><em>Ni Ketut Sri Astati Sukawati. TENUN GRINGSING TEKNIK PRODUKSI, MOTIF DAN MAKNA SIMBOLIK. Fakultas Teknik, Universitas Mahasaraswati: Denpasar</em></p>');

--
-- Indexes for dumped tables
--

--
-- Indeks untuk tabel `products`
--
ALTER TABLE `products`
  ADD PRIMARY KEY (`id`,`product_slug`);

--
-- Indeks untuk tabel `weaving`
--
ALTER TABLE `weaving`
  ADD PRIMARY KEY (`id`,`weaving_slug`);

--
-- Indeks untuk tabel `weaving_category`
--
ALTER TABLE `weaving_category`
  ADD PRIMARY KEY (`id`,`weaving_category_slug`);

--
-- AUTO_INCREMENT untuk tabel yang dibuang
--

--
-- AUTO_INCREMENT untuk tabel `products`
--
ALTER TABLE `products`
  MODIFY `id` int(11) NOT NULL AUTO_INCREMENT, AUTO_INCREMENT=3;

--
-- AUTO_INCREMENT untuk tabel `weaving`
--
ALTER TABLE `weaving`
  MODIFY `id` int(11) NOT NULL AUTO_INCREMENT, AUTO_INCREMENT=6;

--
-- AUTO_INCREMENT untuk tabel `weaving_category`
--
ALTER TABLE `weaving_category`
  MODIFY `id` int(11) NOT NULL AUTO_INCREMENT, AUTO_INCREMENT=30;
COMMIT;

/*!40101 SET CHARACTER_SET_CLIENT=@OLD_CHARACTER_SET_CLIENT */;
/*!40101 SET CHARACTER_SET_RESULTS=@OLD_CHARACTER_SET_RESULTS */;
/*!40101 SET COLLATION_CONNECTION=@OLD_COLLATION_CONNECTION */;
